-0.05413245322237611,0.06588744074207906,-0.038532478040537485
-0.6921765828934394,0.35341380727656174,0.5502916227806759
0.08130334428295125,-0.09895855368995898,0.05787321914517994
0.16256482278614248,-0.19786615034917965,0.11571663745661957
-0.10830677222450454,0.13182583851489313,-0.07709475691482648
0.054216184781883746,-0.0659893548035511,0.03859207970804031
-0.13539393172556918,0.16479503740129972,-0.0963758963519717
2.234366437487955,-0.5853800421015913,2.1511976286590535
-0.16248109122663382,0.19776423628770684,-0.11565703578911637
0.2709134607904013,-0.32974294589480835,0.19284119520519763
-0.08121961272343978,0.09885663962848523,-0.05781361747768254
0.04980816330382312,1.4579147863914774,-0.11094993122979152
-0.6192928103834839,-1.1227827435327244,-0.8399897361003283
0.29800062029146607,-0.36271214478121566,0.2121223346423423
-1.3451345246052884,1.6110439533803753,-0.6010261817845426
0.2167391417882719,-0.26380454812199405,0.15427891633090848
4.1865779754322797e-05,-5.0957030736377636e-05,2.9800833751377006e-05
-2.190101457106422,-0.16848269106802805,0.908431356298103
-0.615406678620736,-1.0917887852952064,-0.4268087849173634
1.2482192244547903,0.2546856645919096,0.21802030252463403
-0.5822208380962135,0.1434559120607234,0.570442122375446
-1.6602306234856161,-0.18458128088595047,-0.5628001880808094
0.7422467845523584,-0.6866592385739484,0.4006237208885549
0.027129025280819015,-0.03302015591714358,0.019310940270895992
-1.230966537833305,-1.7600648847670683,0.13366940399804284
0.13547766328507777,-0.16489695146277245,0.09643549801947447
-1.2330435709536915,-0.2098610334864247,-0.10537978060199635
-0.027045293721310388,0.032918241855670834,-0.019251338603393245
-0.2166554102287633,0.2637026340605214,-0.15421931466340572
-1.2517088799347749,-0.4668661099142947,-0.4490561050317574
-1.1032287044344933,-0.9842478081232322,-0.4718065773206099
-0.3121598921658694,-0.2350691406685837,-1.2252422616788454
1.86267899830419,-1.6657013044116347,0.44595750421922753
-0.1895682507276985,0.2307334351741141,-0.13493817522626103
0.9316451353843213,0.07965450650444085,-2.2889675430445617
-0.9201927700278759,-0.5008336531447304,-0.4142113147764183
-0.9054858872618521,-0.5951407077989849,0.10575199069979638
0.10839050378401312,-0.13192775257636521,0.07715435858232988
0.10839050378401312,-0.13192775257636521,0.07715435858232988
0.24382630128933658,-0.29677374700840137,0.17356005576805297
0.18965198228720712,-0.2308353492355868,0.13499777689376374
-1.188596553995341,0.2670438707410689,-0.41269947974342097
-0.3285307679207263,0.6107080545781421,-0.16147477602165897
3.328176206779531,-1.1906283833409443,-0.4982800657259008
0.2371044462377084,1.2973981608991016,0.1150451701757527
-0.46323893713924535,0.887055453049738,2.342436842103623
-0.8452212843090334,0.40402973182267593,-1.0127043244732108
0.8015334309419647,0.19280573544325247,-0.387666886492631
-2.2249268345333517,0.4299785101687636,-0.27838762674917256
-0.20917725189306086,1.4688835612411704,-1.096254511135757
-0.2501090394312064,-1.9912644148801208,-1.2162533560786108
-0.4524270274844273,-0.28367736617416994,0.281270847383331
0.2483355964260854,-1.219189621385681,-0.9140365797654364
0.9453398237892222,0.019389034981757983,1.9180897176071556
-1.0121975126120515,-0.24673514071862987,-0.7589145375578316
0.5692611728468076,0.28914063640937016,-0.5956303354036556
-0.7521618795832632,0.9053952558381203,0.11640276017680742
2.054675358751387,1.168146926774112,-0.7738243330798955
2.470849627530968,1.712456144773937,-0.41084639805641004
-1.0616913317580612,-0.7969288864027313,-0.7338237128657542
-1.5296082681057785,-0.338374509567406,-1.0205121936782835
-3.1934063172352602,-0.7288617036503473,-1.3121182258959612
0.2481706656252984,0.6260747405902655,0.4117795052263716
-0.3019914374967226,-0.1086352708422509,-2.763729805242466
1.5931609150786872,-1.095032627647642,-0.09035845487607495
0.3305687869009795,0.657008102624785,-0.01566338597996206
-1.5654679301473646,-1.0414861042007224,-1.518840425661951
0.17192827913592512,0.698612378857293,0.6523920963638142
0.8103712157575133,-0.7387688689436503,-0.5634262495307802
0.23163634437762126,2.894057901909417,-0.8688579950377281
0.25674389371533657,2.2601457780295275,-0.26926461651992833
-3.116630572271932,0.7490561755215512,0.015456505882207577
3.5271463875626625,-2.7291976565044247,-1.4488923333752015
-1.261067446840298,-1.1108238638757986,0.805604923729944
-0.8272353342152862,-0.2661271535303578,1.6050910919343524
0.2164396268697444,2.136414765780282,-1.4463794463110424
-0.3243063090737167,-0.5267530460078994,-0.5635179178669697
-1.428111581552936,0.5605525637261635,-0.3925962251547882
-1.1498539427507706,-1.396390404705225,-0.874833080010841
-3.4184114799925145,0.5348946855648755,-2.007492556001126
-0.7712150455504433,-0.05168403254654852,0.3581179727733711
-2.1900050322394096,-1.406333174925979,0.6932585512034651
-1.4777363575982099,-0.9152733793043487,-0.6838320131772738
-1.4062693402946824,-1.167134422781839,0.5271709982491469
-1.3804713016645622,0.5236631822448364,-1.0008722811912298
-1.6136783351910602,-0.6286502137740061,-1.0041294564367889
-0.13539393172556918,0.16479503740129972,-0.09637589635197177
-0.6654586269125711,-0.21126190582453863,-1.1747267865131017
1.9899958010445735,1.6805938574541122,0.4642661858918326
-1.1568230658698073,0.2772922943368013,1.214682682405589
-0.8116781786814565,2.792964673847067,-0.6733803477123516
-0.008805302766113842,0.6982475957014737,-0.1902384525983471
-1.2190523006349983,-0.14600024303732445,0.9163918419579065
-2.3670567162436496,-0.7300171419947441,2.4810818255988614
-0.7330502652232015,-0.886635554958943,0.022422804435963544
-1.8916805656065325,-0.708046890919908,0.23427790954160566
-1.4998209209322275,1.355119650754956,-0.18943705451234147
1.9294400898523119,-0.8556765836472229,-1.1262884929065538
-0.777805249743649,-1.3237054290862091,-0.6624030491769123
-0.1383998035324817,-0.8590192424467111,-0.166218637385643
0.5909937542166952,-0.055878114946724546,-1.733885765203787
2.1935566331380514,-1.4269289031943917,-4.6153076772336386
0.7850919934168651,-0.8652395770529231,-0.06146923971466607
-1.4839489271959183,0.5442348761498614,0.6859785180958036
0.9687026042792147,-0.14075624591877328,5.640490822034941
0.3587027929408618,0.07523209892697989,0.10798180307520118
-1.004474225857218,0.3544751142066901,-0.3903035826720913
1.557350047624984,-0.40974512579726374,0.6913956562335191
0.4014346717279409,0.13102250772684498,-0.30838252826653495
-1.291549575882481,0.3950452439176824,0.017206680649212658
0.12538804441293377,-0.6151688268205394,0.9654862067950634
2.2299481842481064,0.22982724966875093,-0.40899310628604796
0.027129025280819015,-0.03302015591714358,0.019310940270895992
1.7384824620065245,1.361169678023764,-0.25916778443464156
0.07262525040093704,0.1611712339966084,0.5762384531523248
-1.077613725486277,-0.9091396571634506,-1.787821895113363
-2.002802780249457,1.5081270053651947,1.090380536053542
0.35980839194950665,-0.0418277429196261,1.355771428584309
1.2833677134890629,1.6180381507772723,0.43025068707213704
0.7027340403082308,-1.2557171400479419,-0.5668080067635087
-2.027826752357516,0.3101033256612217,-0.29847174418808775
-1.009248779604366,-0.12349137337657627,4.663876941689505
-2.044188060769765,-1.2026302935666693,0.26185366151468437
-0.8155608060617451,-0.7432785869423991,-0.11594362517026087
0.17913167123845308,0.24079725541066613,0.7394076046409594
-1.5647265299223259,-1.9550054720077232,0.8088856958979947
-1.0715191754601228,-0.2916915541793935,-0.4782337064453216
-3.5256307656842196,-1.8437958544948831,1.2506024007592846
-0.3794510253413562,-1.1064151158027764,0.11379156664580031
-0.12605157968933658,0.4385253290597101,0.9298247371848377
-1.6828946387604298,3.5354427558775634,-0.03458317552111385
-0.10830677222450447,0.13182583851489246,-0.07709475691482717
-0.9662155987906713,-0.0022123477428082016,-0.052141495172158075
2.8115470252339283,0.5370721786704257,0.07334525329896774
-1.656736148625264,-1.210020745517558,0.25745019890456217
-0.5569728157474818,-1.7088107219045758,-0.42571460272292766
0.41389398403136496,-0.023080109848128867,1.5388946639170253
0.23499614689540213,-0.6473096591739605,0.15408792664302157
1.7950004708006626,2.359530811227575,0.6691506364600008
0.4812958682071492,0.1442722875919953,2.5493420508778586
-1.1783110465912654,-0.7168549732993739,0.7498336826045076
1.2811167321548238,-0.5740086793595591,0.045921436375005883
1.197087031029009,1.5815437717393552,-0.08773346842772518
0.23749183727650786,1.0094015903406846,-0.694931113804258
2.281607489995525,-2.070864945727382,-0.17950029179110438
-1.3689073919858632,-0.34511749975182865,2.928618157601317
1.8141888876719,0.6342413092170547,0.43548188105040225
-1.7974816472693342,-1.3305891979569524,-1.0842733418570807
2.5259375484043005,-2.3282193909479805,0.36302975354405415
-1.1580802242039325,2.493754017816703,-1.2449022508759238
1.147775315429891,-1.168654619357382,0.040670619952152536
0.7038112917124429,0.35372371858794954,3.9496983557825445
0.17725969142959938,0.526536694334007,2.2415044541435125
-0.1355571192350576,1.134624998415436,2.103586493142303
-1.4491294779037436,-1.0376365102906329,0.5811114590413248
0.7751178159329619,-1.0920333679609595,1.5202281029364046
1.0485112274657358,-3.0654528104910552,-1.5712361535741473
-0.6410548801890342,-0.5636762909604354,0.760185728662167
-0.7127322244731826,-0.1686236096069279,0.22706787987667063
0.3341442786066804,0.8684598119915928,-0.839725851019066
-3.3985722882134293,-0.21600894223565087,-0.0038533129585667596
-1.2614829327092432,-0.1433608220511816,0.6580952804906453
-1.0632463670763044,0.7360265695949734,2.6029835649190063
-1.7257945466695244,1.1266185595642069,0.810342031271014
1.3551715914202802,1.3259397447556207,-0.695969702329987
0.30943844324117437,-0.5385781929454547,2.2248209221515207
-0.6886824281455098,0.010930930769946544,-1.915315923189558
-0.024019028989578174,2.6627915258858788,-0.5469812021877672
-0.05921968043621628,0.3208218649514819,-2.1431762732829402
0.13731254588386582,0.26120282412815043,2.1132490909221144
0.7709926639229683,0.1523164881089485,-0.2021980833518182
-1.4013708067489974,-0.7769510208426975,-0.9364367832537915
0.029674129864746414,-0.09579849833878142,-0.882653681041085
1.3161797619433222,-0.34570763737722393,-0.41219716965878467
-0.6646362605847391,-0.12226245536146171,-0.6642483340856565
-1.720800512758363,-0.7295429832352919,-1.5145368283023335
0.7070272274493372,-1.4865329859662948,0.20928898948003205
-0.6662478891772993,-1.0742410098032926,-1.0324457522121375
1.0523243418157453,-0.2153179149607678,0.48504230628827083
-0.4340920379111701,-2.8407321809341908,-0.47979090290001625
-2.2543486920296503,-2.0211736918530474,4.005794121013698
-0.008749422891349687,0.1647539344987656,-1.5581621827900658
3.457656542146755,-2.506172342683657,-2.917421030285769
-0.3487550701629364,0.9727703494894411,0.13629309439224507
0.8857271345437658,-0.7273580580460205,-1.0778063680858716
-2.7318928616136104,-1.622202637804455,-0.33762584197629997
0.7537865958304801,0.7037886502628009,1.296202735916204
-1.493163499349105,-0.5090480123261915,1.4193967391919153
0.5632320189465682,-0.8033436939697999,1.398917956648422
-0.34167283313486585,1.2452384871095517,0.27889834322720075
0.16256482278614248,-0.19786615034917965,0.11571663745661917
0.054216184781883725,-0.0659893548035508,0.038592079708040634
0.5115554456980455,-2.243648188423756,-1.48771857183169
0.508482894352333,1.1100992894390536,-0.5659139399425017
4.1865779754322797e-05,-5.0957030736377636e-05,2.9800833751377006e-05
-0.6350686718736395,1.601479781012722,-0.5071521820368529
-0.1895682507276985,0.2307334351741141,-0.13493817522626103
1.7484028155116726,0.42801976452200224,-1.277575578478896
0.19158050980600144,0.05721451422267753,0.6946047611530903
-1.9182058026644475,-0.503599329193277,-1.124377321308963
-1.2503159385649742,1.1744691639416467,-0.3115184404366505
-0.08121961272343978,0.09885663962848523,-0.05781361747768254
-0.054132453222375074,0.06588744074207804,-0.038532478040537846
-0.7638019929486007,-1.3336321872616197,-0.9429278258530847
-0.9883949558553168,1.8945748705164167,1.3639571640077741
-1.5177189824710529,-1.691589151778849,-0.7281039354632248
-2.771256087264606,-0.5591708875410639,5.809406002881472
0.6523648316967295,-0.4685639561850782,0.4469507935309475
0.13547766328507777,-0.16489695146277245,0.09643549801947447
0.1448480931626797,1.2252884311161467,0.39544565195246567
-1.1259947152477836,-0.9156792927153279,-2.2091891475622476
-0.07804102538976676,0.9251259210326561,-0.04646876824840682
-1.5004286374067586,0.23892104094145133,0.42135373084885375
0.7709441124309975,-0.4524737055166805,-0.1922317398886592
-0.9360471722405475,1.0821369203860172,0.5657940401111958
-0.29436866661365346,0.9055711667056097,-0.5402738336784811
-1.4157318481671695,0.029188390906727264,-0.4596164308418873
0.7704524623167976,-0.7407915847746218,-0.4135645005037848
0.08130334428294841,-0.09895855368995803,0.05787321914518528
0.18965198228720712,-0.2308353492355868,0.13499777689376374
0.9242256815832821,-0.10905069832624634,0.017984621514124187
0.12435091138058907,-1.2647430764850582,0.7177737342383874
1.4172141140442187,-0.922875102756866,-0.4174494695515299
0.3454907263021304,-0.31204301755640135,0.07460350825085248
0.3677487254813185,-1.4188006808468072,0.2816939061496618
-1.1678442665231108,-1.7140289574163925,2.9291392913397987
0.07480631512746035,0.10295440453892218,0.384413778569311
-0.9531215993929646,0.08545597877258286,2.4965338835439597
-2.035027292362129,0.19895542718944012,-0.9243742051244411
-0.45520364181355405,0.36093943635835846,1.3359810224109774
0.29800062029146607,-0.36271214478121566,0.2121223346423423
0.2167391417882719,-0.26380454812199405,0.15427891633090848
-1.1204828107447977,1.2979727789052116,0.13093988380345442
-2.3959708333189917,-0.6976992443770034,0.5212363724880466
0.7112173084158789,-1.3075534622014342,-0.9053303910397311
-2.3730972505213788,-0.38369568973706575,2.8051626275930146
-1.4440620021586938,-0.1417032993228011,0.9386451145088714
-0.027045293721310388,0.032918241855670834,-0.019251338603393245
-1.692067161788341,0.6937221509139212,0.26999969893642844
-1.2826381509169205,-0.36428657913168194,-0.6046238897792503
-1.005265648256631,0.976405589775537,0.22866735664399604
1.3182328389491949,0.5767583897047102,-0.09399067392831519
-1.1952781414060458,-1.0252213081641794,-1.620943784488153
-2.037076518297213,0.09752317215778762,-1.7343408066500303
-1.9898384389694228,-0.025477065416439154,1.0310243644624655
-0.2166554102287633,0.2637026340605214,-0.15421931466340572
-1.4450495755240436,0.823228331035311,0.7442745292074776
-1.3487353492847554,0.16154197920853494,-0.9885845433069331
0.24382630128933658,-0.29677374700840137,0.17356005576805297
0.2495868597979552,-1.0883463457756934,0.6751582386615425
0.39916562723994264,2.5084744799705527,1.1903959614034805
4.631980658223997,-0.9036286055020543,-0.03216004917626968
-0.0804288521364701,0.25298803352737453,-0.4186995411030144
-1.0133849910707269,-0.0847513156112428,-1.4506150960693698
-0.8114787995898802,0.25956207136406345,-0.2839774353841248
0.035793821929792566,-0.592565806636724,0.06988844055752497
-0.28358969818203594,-2.0592992737075457,-0.7445349026212903
-0.7567083310992408,1.455620076375706,-0.2015585811115264
-0.33848904025965365,0.047884498639334194,0.5687913324410784
0.030608673458714618,0.9564568207128314,-0.05772485564888934
-1.779878668775481,-0.6689564852718962,-0.3566206755872072
-0.731552006180329,-0.3595828949548185,0.41660373017073804
-0.2397136805923107,-1.1905071835988703,-1.144272406994171
0.7520350007247631,-0.5429645087199003,1.023744976154772
-0.18166528395294035,0.1214287508327449,0.0053733657989801465
-0.16594538659289762,1.9583723584129897,-0.7031557015902105
-1.3400032117809717,-0.8908735960807525,2.8732825478412365
1.3865717828076232,-0.6682339054900827,0.5557271680041643
-0.6853901322993945,-0.7511573920989456,-1.2871340216002487
-0.9180500211725413,-0.9134721353285523,-0.21515530912906755
0.09729964065140181,-0.6211980825996601,-0.2656920300735381
0.32689033535908285,-0.023844181462456066,-0.3584484676548922
-0.718118560650394,-0.6508859137312208,-0.6025021602967103
-2.347685768479466,-0.0027828902646060355,-2.0323873854546357
-0.5126079788353753,0.01763856654349157,-0.7785602209303989
-1.5769999347513413,0.4300712533267363,-0.7557598848372231
-0.3776467226041048,-0.5577666612839667,1.168442132779362
2.9730711147000575,-0.6606617505617185,1.3012703303644861
-1.1377644654220882,-0.9694480208504952,-1.2558742267814114
1.093709578312189,0.13018269456076298,-0.270615175000955
-0.4145408436182503,-1.244037833528265,1.6081358807618007
-0.09917415366741461,-0.2839356033983526,0.4487246980262862
-0.8200266922207533,-2.5448325894903117,2.6336468954379266
1.0753338241833086,-1.6136307918397432,0.9645933551019361
2.917034832904672,2.280008048185249,-0.6074762138019676
0.5244196619347136,3.4331292098478117,0.879669008956269
-0.9806357151210213,-2.1620175240107917,1.9569038633135245
1.9371076148311541,-1.9965838174596076,0.7336835974014779
-0.13469672699764068,-0.3409738381567032,-0.4843431554552257
0.19862088416770005,2.979325112323295,1.485220374240357
-0.3931187158834729,-0.6312022375212364,0.10049979004700384
0.18652518734431184,-1.2105423375515774,2.0642166900577483
1.8763776064094413,-0.5911858564678398,0.7374784707959808
-0.07351761928399529,-0.1449808279268727,2.538221980256818
-0.3777011187540889,-2.352027402921006,2.4958823089633295
-0.7594164669459157,-0.031202650816756168,0.3720888820301622
0.745661597513664,-0.9119316384672604,-1.1854577646920532
1.2488068927938873,-0.01891416419822255,0.19104836057614555
-1.7212235995278478,-0.9456381485763341,0.9920102643884495
-0.6176582107633315,-0.3539784200678436,-0.7049981761269112
0.9634112965299692,0.029616171412903375,2.1993477706813342
-1.3830029101469539,-0.4511749290180078,0.9959929546717039
-0.986990057046286,-0.6157289573095556,-0.9086538115247639
1.2928890942424631,-0.5270302159291372,1.1097537777183812
-0.23370949696227086,0.210789489492692,1.1938303613898191
-2.6185110618337775,0.6126793570999481,-1.4881440198704858
-1.820441984625074,0.6735698215999245,-0.7810417150322755
-0.8774052275343096,0.34345027243478055,0.23274247537291767
-0.26505243195662453,0.2944568720987908,0.5844174748406027
-1.411775477937598,0.5498148978104442,-1.7950031243837665
-1.604952251183984,1.1105038261297873,0.5458913731019522
0.43493552673537317,0.3173615186984881,-0.22531872797058775
1.6234724542609402,1.3210455655297606,-0.21322193154381697
-0.3790151801446612,1.7683912522701886,0.16353558918005337
-1.6396458329988075,-2.082198417332738,-0.16296132037617758
-2.9413389580860225,0.5678112106935839,-1.5021262880793504
1.033886198151394,-2.2939829953392623,-0.1397726383250261
1.14392570606317,-0.5877584089011749,0.7543442052521512
-0.5035296971424684,-1.0154094010549009,1.8602999526243953
-2.6166555518626526,-0.7413816829617077,-0.6651713731080808
-1.954083723125238,0.5675896951086477,-1.59545551571369
0.26344035486044254,-2.4974280991425237,-0.21896219535787442
0.7467213880347722,2.8831496619986687,0.5250272148620002
-0.7727606867624764,-0.5915611164503914,-0.8917644894199251
-0.3568854736462281,2.2914960682432413,0.2056589341717116
-2.229185825586625,1.01167974736406,-0.9472301002337128
-1.222150625655145,-0.04607794759927698,-0.14934154372681702
0.5056874075612583,0.33540829468350913,0.6402926462958344
-2.4997526076833654,0.8504551035703882,-1.300107624535905
-1.0000060731280382,-1.6305537055470287,-0.8652683309500876
0.9918237454749622,-0.9404806211823085,0.16471899402248588
-0.8786114529859029,0.4016682739503874,-1.2661715451820348
3.592098782028558,0.9354186450246657,-0.1646628474303726
1.4290939981243507,0.4139529965875664,0.7618365756666449
0.24257346636556779,0.8125778509863222,0.28436906116470856
-0.09747189254568037,1.2719976399679542,-0.7240544423119425
-1.456375827143529,0.31261320898041106,0.007646955655491848
-2.3200882881221436,-0.14305905766327703,-0.93517574509371
-1.5967942000647808,-2.383077794106752,-0.37630648682290535
0.43628061509968474,-1.7154151895686627,-0.9877694031497649
0.7953918522174774,-0.11056484331107395,1.07415026361784
-2.5075150668293724,-1.456521004077878,-0.8766485172151406
0.8305024316796311,-1.7755804198080323,2.52620761467835
-2.1339705396167497,-0.45448921002542236,2.216494354643073
-1.34398493209663,-0.5400917092835136,-0.6786636978520171
0.18300325836246972,-1.1456219406067782,-1.2977578425101783
3.6317581872247606,-0.13345564687394643,0.35987077491541397
0.811218511871113,-2.140996461438194,-1.0963211169447968
0.4409570571088323,-1.2210533761084659,0.7793392195766622
-0.9490733380884376,1.00167409318895,-1.0530919506172616
-0.46860480400532945,0.897439887138495,-0.32250387691024013
0.13005320000229056,0.5025861852569914,1.1506806935224194
-1.61653238618082,-0.3755239434303202,-0.5232542663847385
-0.9558454099218876,0.077804327581294,-0.9864706628139808
-0.6501404801497886,0.6890423902938504,0.2305016010088512
4.160582464248088,-2.22416628011331,-1.1913555325569531
-0.16248109122663382,0.19776423628770684,-0.11565703578911639
0.15686162532640358,0.5920881962303559,1.0025217430414775
-1.7014588062077196,0.8894137097430684,-0.009302081449683561
-1.7830191261105226,0.46230777537404333,1.8790380604333055
1.4561407365799526,0.5174710436638406,-2.315063280720018
-1.4888340792114874,1.0101391050823885,-1.184569957579639
0.8951986969146225,-0.666046559615638,-0.4097893674080989
0.7829857263946516,-1.44924082164182,0.0017862118679260127
-0.36544562820864906,0.914899941669917,0.42935919105018405
-1.7104713556367113,0.48428472048095417,-1.8406701641102485
0.0973461867749015,1.1736922016719387,-0.5175476760702012
-1.3008611710337092,-0.7646369806251065,0.4790937969436666
1.719607234232844,-0.160267513144096,0.366618132752361
1.3611997320965705,-2.2736092903598215,-0.7159605865380501
0.2925848724347946,1.0282950184799835,-0.3807764351947415
-1.0416815950858975,0.3680899917847534,2.6476504992252803
-1.1263120463453948,1.6834217028018996,0.9218932116958373
-0.1469198882113633,-1.4355285970263818,-0.36068120493320227
-1.4740118684491434,1.194840288561388,-1.2336306819252174
-0.6450704921287893,-0.023188142650811996,-0.8599034135278467
0.04595793975196294,-0.28800933486313224,0.3462676139598774
0.7352462092358352,-2.5782324462251256,-1.1130423862053087
0.5866663026107432,-0.912842437781727,0.517191706981407
-0.44283485163560576,0.3162525630947019,-0.6440151359100855
-0.22933119449262143,0.957135026778877,0.4876878790553717
2.3601144577330366,-0.2044909181691519,0.34613090589147066
-0.9819030177288066,-1.3554588980179265,0.5381453140484067
-1.1101435620173465,-0.4767249722120675,1.7703698748239802
-1.5330269571724058,-0.3524617088981135,2.7954061474973675
0.23156647180338186,-2.0166933786968837,-0.5668751484655548
0.08116364198064423,-0.3198278942586135,0.35642205545640865
-2.760118582246008,0.1613074069361673,0.07922477493166552
0.40807890906126726,-2.255062441076702,-0.867337214434587
6.3682078525466475,0.3727035017268182,0.34778022550797016
-0.7976260243933196,-0.29186413045738585,0.08445958894600716
1.960313620486979,-0.47547215444537316,0.9420911925625678
0.2576720674697871,-0.7999616284987179,-0.03154879482229062
-2.057391995970412,-1.2081088009136125,0.12801753729915147
5.339321126747861,-1.8397708647775164,-3.43317374325191
-0.4206518802952499,1.5448868615565692,1.591716110055918
-2.163407774958258,-1.0113589036144854,0.1773197709212724
-0.846738726644946,0.79236549449938,1.9222461556397084
-0.047768921726345934,-0.8461993669777258,1.5878568913351767
-0.2837763882642116,0.5650053066698328,0.8064881260613657
0.19299341578755846,0.12229002879832557,2.506080830428591
-2.4184972467322887,0.40454279694220163,0.1299067641888989
0.8318702687295075,0.40775318623902584,-2.0198509506081876
-1.0001510877406703,0.34125362892190414,0.11931143140041987
1.7289160512650261,-0.9172568036426562,-0.8600542202200652
4.000459937517368,3.0226156656560823,4.227613263403258
-1.057137267453523,-0.19271700871300831,-0.5020509446367638
0.5295949459719808,0.8764175660144793,-0.2505228258453428
-1.3515716155862512,0.3622916492817274,0.09942521212169025
-0.03401969056643893,-0.8777480909195761,-0.26756260298996365
1.9118559238341544,-0.4269915467669954,-0.11279780123065233
-0.4260075034723996,-0.5617640077961188,1.4088978209685294
0.32045072367112504,-0.5415991917258574,0.019781820320607334
1.3657170294417547,-0.8959746299991209,0.8321814855009926
-0.8867609651337827,-0.15201124665219912,-1.1018944534640533
-1.5512705368059418,-1.4404406606304476,-0.6170040140060034
-0.7346976658903012,-1.955754487133163,-0.20390189412703053
-0.18676165136235387,-0.6589266430506694,0.0007503749698455466
0.6924283537520044,1.8951082730498534,2.171175668256309
-0.537493266215176,0.1681467332258049,3.030260138024317
0.8013568791691504,-2.455566441715708,-0.8973468243362728
0.6329363744030987,0.13063965809974537,0.4446755917958492
1.1338319688296832,-0.1149468938088603,0.020799350733064503
-1.2984999275165745,-3.3194395167507387,-1.3881188010711243
0.589356559124546,2.8786902904785165,-0.5097677126247692
-0.21559111236644293,-0.7137432371180219,-1.6031350115284981
-0.9802732200070251,0.8423898600732113,-0.4693451019374526
0.18474556326072192,-1.3147124002564892,0.5047658464406591
-0.6530853162745921,0.17245994573247628,1.0510762440085595
1.0415809528926485,-1.3856803453238573,1.2229938881009854
0.23852375018254254,0.837784262919366,0.5514115141425061
0.1612600587623778,-2.6490160126266535,0.013190745344706194
0.31032361659450197,0.4527879588392152,-0.5708354708963093
-1.916383683775736,-0.8577256715399266,1.2591141500420195
-1.7241343130172657,0.6560153311095719,0.2677058692867528
-1.2880968587201194,1.0396511351785325,-0.49409491346683493
0.22548277156680227,0.2924165223243759,2.2946346573799588
1.1829654956881976,0.8658962466349411,-0.10755347772679993
4.331389015273998,1.6665566221501942,-2.832075316139753
-0.8246560069675225,-1.5952894126707307,0.548261526639345
-1.8479717380440652,0.43217287295216006,0.17865059713686046
-1.4033317524298696,0.8641090775901736,-0.18831406440084708
0.8101095435928449,1.2900032261147332,0.3103397397933083
-0.006343145593105276,1.3913479833178422,-0.4758863552711544
-0.3182617297557408,-0.563413927490217,0.8505824775752461
-0.846368413889469,0.6274887592771645,-0.04621753520915435
1.7590052384746033,-2.1526540910438614,1.1284625171197011
-0.16239333592191463,-0.28011509937564083,0.6623264942907902
-0.8594851638689396,-1.0956708140111782,0.7914821046476601
-1.5675530325702556,-0.8900039227758634,-1.4775428078088615
0.5838392644169743,-0.4379944787275347,0.30977819459397476
-1.8743629773968453,0.39195036369188546,-0.016496350460023394
-1.224533821604557,-2.279822899498962,0.21569040976197806
-0.5364731300924231,0.364178627077484,1.748846536073152
-0.0521020964992206,-0.17979545085787144,0.6172340330951361
-0.7177890859348312,-0.08891572394947199,1.6593431189337708
0.9355778587832189,1.331458467664317,0.6194448690634653
2.821838315517694,0.6942389058044165,-0.6552103199961028
0.9923945388220774,-0.9662757848492032,-0.6152826621922158
-0.5495408555223779,-1.2060103041485384,0.08399181452522494
1.5932091570448002,0.38193004418865967,1.3440928903283178
0.10007116333320008,0.5181843979745417,-1.1947101675139162
2.2318942844855942,0.4708390260345643,0.02341648477762009
0.8019979262025164,0.8818350724489178,-0.2971292397259388
3.724893884604115,-0.614727868261201,-1.4506166560066065
-2.2597509678142043,0.7689514738153288,-0.3144960277613594
0.3893632841940037,0.6392508581566435,1.0270080494061045
-0.5074944163675305,1.0848729417170122,-0.3743036965416313
0.3020741377045388,-0.922226671257739,-0.46923799864416793
-0.29390888404599885,1.083686775477833,-0.3898092167754013
-0.08617675407417472,0.5896097844463222,-0.16653123861044936
-0.8229582960066338,1.695728462524323,-1.057764352366256
-0.05805875147706355,1.5291295020453612,0.9574019125939994
0.3862818262261032,-3.165209513226379,-1.728121754858698
0.4946748677424722,-1.3040550735298282,-0.5513430574833212
1.6729470102169965,0.4876926869698193,1.1995452582915076
-0.6657765096631297,0.4070138065207581,1.724247468676851
-1.9244282920367763,1.7156810223557277,-1.5287561515148624
-1.766598650807249,-0.019389142962020267,-0.9264175055609518
-2.0593436730883403,0.10489390553902661,-0.7959048480358405
1.7681390717554915,-2.590881554736687,-1.4787678196550318
2.9623099314376806,-0.1649945298107605,0.8917623234252521
0.33621094510324323,-0.07915526691015624,-0.6299073289401698
0.6781141133837899,0.0059108545664675275,1.4806350672256172
-0.03230547722611837,0.5914767750385108,-0.07842195569471311
-0.987543266105883,0.3208560302123933,-0.9390074656552543
0.8461725314845844,-0.1040839107578693,-0.4815270411917975
-0.9497818056577573,0.3269633645572895,0.46722313153249234
2.0140593229429573,-0.13623037043319772,-0.10589424612756673
-1.2877808169443248,-2.528655950054868,-1.7717198275276183
-0.7600496111983953,0.9960747411647305,0.27319168641304176
0.6440979897054305,-0.5663602012441308,0.10677167491716641
0.31977448917551715,0.7440618082271071,-0.0587324164138986
-0.9013767564711219,-1.8045693077858944,2.275311018939793
4.821546931226008,0.7795808898604728,-2.907599606946411
4.444784654795906,2.0718910582488563,-1.259017133961508
-1.4282694182297822,-2.0064578854112014,-1.3141414597434107
-1.025964590281208,0.011810823499672777,-1.2827178179887164
-0.3888526529307101,-0.7518900371915246,-0.132794445310252
1.5175743538300368,-1.5471332185040758,2.9975318173135794
-0.409154712933233,-0.9268703287347029,-0.07966668719556036
-1.2804489269992707,-0.44343781525285886,-1.2253568010614098
-0.8887933387551711,-0.6227012042225792,0.5615315686621563
1.9980347942176062,-3.0698055125718406,0.848609477630626
0.2709134607904013,-0.32974294589480835,0.19284119520519763
-1.1179495906317645,0.16955875599857373,0.027777382419763744
-1.217977750274575,0.17473646127582418,-1.6217985034110693
-0.012300733538770727,1.8603343676272073,1.258827552398068
-0.6500666618432004,2.278794159143326,-1.1836499919286052
-0.19849882160501112,0.055360529635994374,1.269441469421513
-1.1318206083517282,-1.0151890702527628,1.6847120775768036
0.4099533622034355,-0.1085207624265937,0.2547093462444984
2.4453385992557233,-0.5294901396327818,1.8542783424796172
1.1076716823436394,0.7957439062779189,1.1044111222245285
-1.9384361412598827,0.21523279259136066,-1.041649667834351
0.696635105541709,-1.5871040336767381,-0.5204903726525109
2.1420248830248076,-1.1069294866421326,0.7203634882566072
0.782077903093031,0.19825464270192406,0.3669513340740024
1.6993964868214613,1.5390104235988802,0.9007980232490299
-0.5483199506661498,-1.2991553074522297,0.5255986303954447
1.1202695517988075,6.192764976334816,0.6411459176242466
0.7069171136242149,3.411317568096338,0.7952398059955021
-2.9720384718627697,-2.2195556332657125,-1.34181194428741
0.23381232965648474,-0.7504740992629814,0.18947431026313144
-1.1232840465124145,0.5857947195193363,1.5574568511033804
-0.6656028582090197,0.8311821920877581,-1.171919444336004
0.1170625853609129,3.1278086649779704,-0.51680354816382
-1.5517539657099657,-0.507761131615847,0.14926738152815666
1.0737861355868157,-0.5989096283288127,0.05956632326961267
1.7203093930417255,1.4160494136387165,0.6516776677895637
-1.5298368131245808,0.46655695619272447,0.0015365166544289899
-3.0179839629995198,-0.158412310857555,-0.9931842598325046
4.373692152229372,6.262679810069869,-1.2269504974488668
1.693735294540929,-0.4029334438982999,-0.9807886083868917
4.6238325843233525,-1.7797224692010267,0.9533591301624521
3.560050790093279,-2.5558259130638765,0.05832613164972934
-0.927397808901532,-0.6446296767881099,-0.4926896394977568
2.962852193484403,3.425559730362446,3.0311053098443392
1.9705448203309177,2.004482216146326,-0.991000085215035
2.606838751716093,-2.4107252880155032,0.3312904612845439
0.23339249406471274,0.778439160499444,0.7149036630128718
0.7192105190289645,1.1857530237758143,-1.5954910620541634
0.30479210957766784,0.5517956686798557,0.7353946865451338
-0.8485117552908327,-0.6098203753211153,-0.6217652460026326
1.6004698303234481,-1.0496206928374625,0.03322179702498665
3.729634017117417,0.5317647005905942,-0.6318187264630312
-2.287427397532423,-0.9410008485231904,-1.126712980230882
1.0103002962073806,0.14301032584847706,0.9357968723760095
-2.3300393155199677,1.3006757299662597,-0.7054959646135058
0.7908731709506701,0.7240746004449118,0.41499498045253935
2.149957516558149,2.1826576520794694,3.5309871635704204
-1.4699640019956228,0.2938965813151273,-0.38614608696126973
-0.7788682672270655,-1.758237683154649,-0.5541984978152962
-1.356933346445303,1.317878080141705,-0.39765206436718004
2.720498397207084,4.967401836870083,0.45948900127468706
2.8418654486043455,1.0035195552008729,-1.159707181372577
2.7500310962984256,-0.39853602971736846,-0.26241591205306053
-0.5626874695711298,0.7171238977308134,1.3507157388929225
1.883360954610023,1.1072175983897625,-0.1843197989018293
1.7606062957853774,1.8755287767990385,0.6917225033842161
-0.7297179278884073,1.5080700916483514,0.31647260956945056
-0.8975236561645651,1.6003711761991952,-0.6229327653357826
0.780860050196209,-0.6938532900332303,-0.12630827874390105
2.1567462880144745,-0.77187840177878,-0.3409058057509562
-0.1255841497914094,1.329356480076417,-0.8554681561584879
-0.6843385483292241,1.0104482571010025,-0.3971094951100365
2.8886336405042257,-1.0690732286872364,0.06676104370722025
1.2174777635593694,1.0686110648709808,0.35003104462307905
1.8385698667654242,-0.05138931313618248,-2.0544694153629086
-0.19048326124183543,-0.8401282074937814,-1.4034295523429672
0.12924904632664075,-0.38662927272824577,0.40182936634163524
-1.6021235975452424,-0.5063937425304081,-0.2783253341917372
1.0299920100331226,0.979832347342034,0.0840976284444379
-1.2054397106389272,1.7346801706294142,-1.3137946476435414
-2.8782717362316665,-0.6277047213571377,-0.8013645827621114
-4.026545777117843,5.511968689800274,4.705928707199519
1.9037761747709285,0.3414246577176551,-0.6611739642865159
-0.42573693176055166,-0.7278529667563666,0.2626730893926954
1.9278250375611543,-0.15453721851701702,-0.4274787053719265
-0.51512330075809,1.5733921462286933,-1.435339807199534
1.9524420642611526,-0.013353638539488013,-2.411627649940715
1.5739903789830274,1.2123980274308168,0.5472315720196957
-0.6210123321775216,-1.168038683783155,1.686332440334795
2.1384471424479594,-1.0126671120577606,0.43269111939398874
0.8237203338004946,-1.2300990971924146,-1.3578867607842462
-0.7296876967289472,-0.3834295716523924,1.7395463383393313
-1.7251343669805277,0.9301393081701353,-2.017680320694574
-0.4238852585272256,2.073591728856569,-1.0927848960563218
4.077806444556317,-4.390380856586743,4.568945237005598
-0.5449435127666846,1.7315849152492473,-0.5068378121023487
-1.573449967477879,-0.008485469391737542,-0.8254730113729767
-0.3490164009620279,1.858577290731774,0.175829780575652
-1.0466533705616103,0.0009376304033106808,-1.9433642967489249
4.5130304986964696,-1.9176300073900059,-0.8249658471383877
2.5412151506565506,-0.5773824722053056,-1.3337732342350859
3.9234351147715207,-3.806450272902812,0.4097465802714616
1.6272494620210234,0.20945154693021686,-1.9097708263070983
-0.29875491151104505,1.8534721742006581,-1.207987902038152
-2.6883053797136123,2.5595093085687397,-1.7165132283677857
-1.7636899599586324,0.07587552503487664,-1.982584952921982
-1.7699790260529937,-0.49908001491152115,-1.5552199052084752
4.370466707728633,1.5268398276235322,-1.967888482332146
1.8130117997032569,0.678969218173734,0.994582905217691
-0.65158293945887,-0.615424798275501,-0.7305296605978377
3.5562961392248638,-1.633744914349127,0.4627097128838298
-1.4752466225501166,-1.2091393384686766,0.5806846060650931
1.0117760971600878,0.645985026160521,-0.4090297031102168
-0.2157146443021651,1.6456558449208811,-1.1561511021812625
0.7481347815127275,1.1397197427159302,-0.900522738307361
0.18671796536752133,0.18464613283766532,0.6567707949578466
-1.8759363308655466,0.28152364546814945,-1.2258923509966928
0.35067401247593266,-0.2788435541825794,0.022812258750593995
-0.8127140482781655,-2.3051540448202674,1.58761748481704
0.2022496775629246,1.1925857677815948,-1.0698243332256538
-1.288080521356083,1.141540256408808,-2.0109623153979546
5.20685820537448,-0.6941521009890258,1.2105846612656654
0.6682760010296368,1.653050208751523,-1.7612747429453357
7.399997479108671,-1.1816993497565536,-1.720788481008013
-1.0171210117708476,2.5495579065838694,-0.07575031210473875
0.5494609663572224,1.3233734087936915,-1.6927354682820002
0.285602720080285,2.166604109954213,-1.7651568634701043
2.7619025297323203,4.5505916287327235,-0.39401832460442027
-1.8363651849423814,-0.27546595139234076,-0.3525940985416215
-0.6400562497689871,0.3040977617132567,-1.1299210314700445
1.6530406070508847,0.8428789342872554,-0.4788240684104804
-0.42366667946775793,1.198401960329182,-1.6715830488926535
1.0301646856321884,-0.022283150027733224,-0.8233182021822274
1.057356212547592,-0.9026863514691501,2.2635781313459282
3.4543662334319256,0.6734007438290538,0.9998130039470017
-0.7700158836259072,0.018044870034628742,0.30941001585909034
2.7955137205985814,0.4344757627033636,-1.6823881685197115
3.6659746911279707,-1.6878025876300358,0.5255847510724533
-0.34940773543426384,2.2146742899323715,-0.7438296190612613
-0.7208237989643353,1.0830953947301432,-0.3619917087335866
-0.8182124462769617,0.8312033564624454,-2.241537107494309
3.3576773172544834,0.2879046460663237,0.5291040380934147
-1.331739145184286,-0.11797045780874521,-0.822101715235435
-0.6009795695869111,-1.2044572420527164,-1.3359264785978513
2.5731027547884824,1.5930238300774804,1.1359024540464657
0.14346959356721156,2.8230127792045323,1.6971291371872481
3.1781890562929718,0.576558104115922,-0.2757137127665548
-2.7800635107881138,0.8227271605547525,-2.033025029756789
0.3750026034045655,0.8511642968082344,-1.6718668460240875
2.7906972489395336,0.17695559957833917,-2.337851355841368
-1.2089150022280952,-0.08467444421044093,-1.2986349054526931
2.059750974697382,4.751215123180648,-0.44077739427370743
-1.4109459172565881,0.5498685056096646,-1.3973290931678362
